order,review_id,dialogue,target_turn,target_predicate,target_speaker,candidates,naturalness_1to5,referent_id,referent_role,addressee_id,context_sufficient,ambiguity,previous_referent_id,previous_referent_turn,notes
1,R009,"다은: 지훈 선배한테 자료 보내 달라고 했어?
시우: 응, 어제 메시지 보냈어.
다은: 그 자료 없으면 이번 주 발표 못 하는데.
시우: 나도 알아. 일단 지난 학기 자료로 초안은 만들고 있어.
다은: 그래, 그거라도 먼저 해 두자.
시우: 근데 아직 안 [[읽었나 봐]].",6,읽었나 봐,시우,P1=다은; P2=시우; T1=지훈 선배,5,T1,third_party,,yes,unambiguous,T1,2,
2,R010,"지은: 서연이 결혼식 때 보고 민수 못 봤네. 요즘 어떻게 지낸대?
현우: 지난주에 봤는데, 회사 옮겼대.
지은: 그럼 이제 출퇴근은 좀 편해졌겠네?
현우: 응, 그렇다고 하더라. 요즘 많이 [[바쁘대]].",4,바쁘대,현우,P1=지은; P2=현우; T1=민수; T2=서연,4,T1,third_party,,yes,unambiguous,T2,3,
3,R004,"하늘: 보라야, 이번 주말에 시간 돼?
보라: 토요일은 안 되고 일요일은 괜찮아.
하늘: 태양이 너는?
태양: 나도 일요일이 좋아.
하늘: 그럼 일요일에 보자. 보라야, 장소 좀 [[정해 줘]].",5,정해 줘,하늘,P1=하늘; P2=태양; P3=보라,5,P3,addressee,P3,yes,unambiguous,,,
4,R013,"민재: 오늘 또 늦었네. 무슨 일 있었어?
소희: 버스를 놓쳤어. 미안.
민재: 내일은 좀 일찍 [[와야 돼]]. 아침에 리허설 있어.",3,와야 돼,민재,P1=민재; P2=소희,5,P2,addressee,,yes,unambiguous,,,
5,R003,"세진: 너는 유학 가기로 확정했어?
도현: 아니, 아직 [[결정 못 했어]].",2,결정 못 했어,도현,P1=세진; P2=도현; T1=윤아,5,P2,speaker,,yes,unambiguous,P2,1,
6,R002,"유나: 축제 부스 신청서 누가 낼 거야?
건우: 내가 낼게. 근데 양식이 어디 있는지 모르겠어.
서준: 학생회 홈페이지에 있어. 어제 봤어.
건우: 링크 좀 [[보내 줄 수 있어]]?",4,보내 줄 수 있어,건우,P1=유나; P2=건우; P3=서준,5,P3,addressee,P3,yes,unambiguous,,,
7,R018,"지은: 민수 요즘 어떻게 지낸대? 한참 못 봤네.
현우: 지난주에 봤는데, 회사 옮겼대. 서연이가 소개해 준 데래.
지은: 서연이는 아직 거기 다녀?
현우: 응, 그렇다고 하더라. 요즘 많이 [[바쁘대]].",4,바쁘대,현우,P1=지은; P2=현우; T1=민수; T2=서연,5,,,,no,ambiguous,,,
8,R005,"지은: 민수 요즘 어떻게 지낸대? 한참 못 봤네.
현우: 지난주에 봤는데, 회사 옮겼대. 서연이가 소개해 준 데래.
지은: 그럼 이제 출퇴근은 좀 편해졌겠네?
현우: 응, 그렇다고 하더라. 요즘 많이 [[바쁘대]].",4,바쁘대,현우,P1=지은; P2=현우; T1=민수; T2=서연,5,T1,third_party,,yes,unambiguous,,,
9,R008,"소희: 내일 리허설 몇 시부터야?
민재: 아홉 시. 근데 음향 세팅을 맡아서, 내일은 좀 일찍 [[와야 돼]].",2,와야 돼,민재,P1=민재; P2=소희,5,P1,speaker,,yes,unambiguous,,,
10,R007,"세진: 윤아는 유학 가기로 확정했어?
도현: 아니, 아직 [[결정 못 했어]].",2,결정 못 했어,도현,P1=세진; P2=도현; T1=윤아,5,T1,third_party,,yes,unambiguous,,,
11,R015,"다은: 지훈 선배한테 자료 보내 달라고 했어?
시우: 응, 어제 메시지 보냈는데 아직 안 [[읽었나 봐]].",2,읽었나 봐,시우,P1=다은; P2=시우; T1=지훈 선배,5,T1,third_party,,yes,unambiguous,,,
12,R019,"엄마: 이모한테 아까 전화 왔었다며? 무슨 일이래?
유진: 잠깐만, 아빠한테 답장만 먼저 하고. 오늘 회식이라 늦으신대.
엄마: 알았어. 그래서, 뭐래?
유진: 다음 주에 [[올라오신대]].",4,올라오신대,유진,P1=엄마; P2=유진; T1=아빠; T2=이모,5,T2,third_party,,yes,unambiguous,,,
13,R011,"예린: 이번 주말에 이사 도와주러 간다며? 누구네?
하준: 우리 형. 형수님이 둘째 낳고 나서 집이 좁다고 해서 옮기는 거야.
예린: 둘째도 있었어? 몰랐네.
하준: 응, 지난달에 태어났어. 아무튼 형이 짐이 많아서 하루 종일 걸릴 것 같아.
예린: 형수님은 괜찮으셔? 아기 낳은 지 얼마 안 됐잖아.
하준: 아직 몸이 다 안 회복돼서 그날은 친정에 [[가 있기로 했대]].",6,가 있기로 했대,하준,P1=하준; P2=예린; T1=형; T2=형수,5,T2,third_party,,yes,unambiguous,T2,5,
14,R016,"하늘: 보라야, 이번 주말에 시간 돼?
보라: 토요일은 안 되고 일요일은 괜찮아.
하늘: 태양이 너는?
태양: 나도 일요일이 좋아.
하늘: 그럼 일요일에 보자. 장소 좀 [[정해 줘]].",5,정해 줘,하늘,P1=하늘; P2=태양; P3=보라,5,,,,no,ambiguous,,,
15,R017,"세진: 윤아는 유학 가기로 확정했어?
도현: 아니, 아직 [[결정 못 했대]].",2,결정 못 했대,도현,P1=세진; P2=도현; T1=윤아,5,T1,third_party,,yes,unambiguous,T1,1,
16,R020,"엄마: 아빠는 오늘 회식이라 늦으신대. 우리 먼저 먹자.
유진: 알았어. 아, 아까 이모한테 전화 왔었어.
엄마: 이모가? 무슨 일로?
유진: 다음 주에 [[올라오신대]].",4,올라오신대,유진,P1=엄마; P2=유진; T1=아빠; T2=이모,5,T2,third_party,,yes,unambiguous,T2,3,
17,R001,"준호: 발표 자료는 다 끝냈어?
수아: 응, 어제 밤새 혼자 다 했어. 진짜 [[고생 많았다]].",2,고생 많았다,수아,P1=수아; P2=준호; T1=민수,3,,,,no,ambiguous,,,"자기 자신한테 하는 말인지, 우리 전체한테 하는 말인지 헷갈림."
18,R014,"준호: 발표 자료는 다 끝났어?
수아: 응, 민수가 어제 밤새 혼자 다 했대. 진짜 [[고생 많았다]].",2,고생 많았다,수아,P1=수아; P2=준호; T1=민수,4,,,,no,ambiguous,,,"우리 전체 고생많았다 인지, 민수가 고생 많았다 인지 헷갈림."
19,R012,"재훈: 너 요즘 카페 알바 계속해?
나래: 응, 근데 다음 달까지만 하려고.
재훈: 왜? 사장님이랑 잘 지낸다며.
나래: 잘 지내지. 그건 문제가 아니고, 학기 시작하면 시간이 안 나.
재훈: 아, 그렇구나. 사장님은 뭐라셔?
나래: 아직 [[말 안 했어]]. 이번 주에 얘기하려고.",6,말 안 했어,나래,P1=나래; P2=재훈; T1=사장님,5,P1,speaker,,yes,unambiguous,,,
20,R006,"수아: 이번 발표 자료, 네가 거의 다 만들었다며?
준호: 응, 어제 밤새워서 겨우 끝냈어.
수아: 진짜 [[고생 많았다]].",3,고생 많았다,수아,P1=수아; P2=준호; T1=민수,5,P2,addressee,,yes,unambiguous,,,
